{
  "league": "SE1",
  "season": 2026,
  "simulations": 5000,
  "random_seed": 42,
  "rounds_completed": 5,
  "min_upcoming_round": 6,
  "max_upcoming_round": 15,
  "total_remaining_rounds": 10,
  "teams": [
    {
      "team": "Malm\u00f6 FF",
      "position_probs": {
        "1": 0.3558,
        "2": 0.203,
        "3": 0.1388,
        "4": 0.0952,
        "5": 0.068,
        "6": 0.0486,
        "7": 0.0296,
        "8": 0.0232,
        "9": 0.0128,
        "10": 0.0094,
        "11": 0.0072,
        "12": 0.0046,
        "13": 0.0022,
        "14": 0.0006,
        "15": 0.0008,
        "16": 0.0002
      },
      "p_champion": 0.3558,
      "p_top3": 0.6976,
      "p_relegation": 0.0016,
      "expected_points": 23.7698,
      "points_p10": 19.0,
      "points_p90": 29.0
    },
    {
      "team": "Hammarby IF",
      "position_probs": {
        "1": 0.1986,
        "2": 0.1766,
        "3": 0.144,
        "4": 0.1078,
        "5": 0.0928,
        "6": 0.0694,
        "7": 0.059,
        "8": 0.0448,
        "9": 0.0302,
        "10": 0.0248,
        "11": 0.0164,
        "12": 0.016,
        "13": 0.0102,
        "14": 0.0052,
        "15": 0.0024,
        "16": 0.0018
      },
      "p_champion": 0.1986,
      "p_top3": 0.5192,
      "p_relegation": 0.009399999999999999,
      "expected_points": 21.6152,
      "points_p10": 16.0,
      "points_p90": 27.0
    },
    {
      "team": "IF Elfsborg",
      "position_probs": {
        "1": 0.1664,
        "2": 0.1622,
        "3": 0.1368,
        "4": 0.1074,
        "5": 0.102,
        "6": 0.0826,
        "7": 0.062,
        "8": 0.052,
        "9": 0.0404,
        "10": 0.0286,
        "11": 0.0232,
        "12": 0.0156,
        "13": 0.009,
        "14": 0.0074,
        "15": 0.003,
        "16": 0.0014
      },
      "p_champion": 0.1664,
      "p_top3": 0.46540000000000004,
      "p_relegation": 0.0118,
      "expected_points": 21.3986,
      "points_p10": 16.0,
      "points_p90": 27.0
    },
    {
      "team": "AIK",
      "position_probs": {
        "1": 0.0802,
        "2": 0.1078,
        "3": 0.1036,
        "4": 0.1098,
        "5": 0.1086,
        "6": 0.0974,
        "7": 0.0966,
        "8": 0.0738,
        "9": 0.0574,
        "10": 0.0488,
        "11": 0.041,
        "12": 0.0298,
        "13": 0.0204,
        "14": 0.015,
        "15": 0.0076,
        "16": 0.0022
      },
      "p_champion": 0.0802,
      "p_top3": 0.29159999999999997,
      "p_relegation": 0.0248,
      "expected_points": 19.8718,
      "points_p10": 15.0,
      "points_p90": 25.0
    },
    {
      "team": "Djurg\u00e5rdens IF",
      "position_probs": {
        "1": 0.0654,
        "2": 0.1106,
        "3": 0.1116,
        "4": 0.1152,
        "5": 0.1026,
        "6": 0.096,
        "7": 0.0872,
        "8": 0.0632,
        "9": 0.0612,
        "10": 0.0472,
        "11": 0.0432,
        "12": 0.035,
        "13": 0.0236,
        "14": 0.018,
        "15": 0.0146,
        "16": 0.0054
      },
      "p_champion": 0.0654,
      "p_top3": 0.28759999999999997,
      "p_relegation": 0.038,
      "expected_points": 19.2422,
      "points_p10": 14.0,
      "points_p90": 25.0
    },
    {
      "team": "IK Sirius",
      "position_probs": {
        "1": 0.0394,
        "2": 0.06,
        "3": 0.083,
        "4": 0.0826,
        "5": 0.094,
        "6": 0.091,
        "7": 0.0906,
        "8": 0.0792,
        "9": 0.0782,
        "10": 0.0646,
        "11": 0.0622,
        "12": 0.053,
        "13": 0.0456,
        "14": 0.0348,
        "15": 0.0272,
        "16": 0.0146
      },
      "p_champion": 0.0394,
      "p_top3": 0.1824,
      "p_relegation": 0.0766,
      "expected_points": 17.6328,
      "points_p10": 12.0,
      "points_p90": 23.0
    },
    {
      "team": "\u00d6rgryte IS",
      "position_probs": {
        "1": 0.0276,
        "2": 0.0524,
        "3": 0.0688,
        "4": 0.0886,
        "5": 0.0888,
        "6": 0.0922,
        "7": 0.0824,
        "8": 0.0876,
        "9": 0.086,
        "10": 0.071,
        "11": 0.0682,
        "12": 0.059,
        "13": 0.0492,
        "14": 0.034,
        "15": 0.0308,
        "16": 0.0134
      },
      "p_champion": 0.0276,
      "p_top3": 0.1488,
      "p_relegation": 0.07819999999999999,
      "expected_points": 17.4702,
      "points_p10": 12.0,
      "points_p90": 23.0
    },
    {
      "team": "Degerfors IF",
      "position_probs": {
        "1": 0.0246,
        "2": 0.0368,
        "3": 0.0546,
        "4": 0.0622,
        "5": 0.0766,
        "6": 0.0866,
        "7": 0.0926,
        "8": 0.0942,
        "9": 0.0838,
        "10": 0.0878,
        "11": 0.0734,
        "12": 0.0622,
        "13": 0.0632,
        "14": 0.0506,
        "15": 0.0336,
        "16": 0.0172
      },
      "p_champion": 0.0246,
      "p_top3": 0.11599999999999999,
      "p_relegation": 0.10139999999999999,
      "expected_points": 16.941,
      "points_p10": 12.0,
      "points_p90": 22.0
    },
    {
      "team": "V\u00e4ster\u00e5s SK",
      "position_probs": {
        "1": 0.012,
        "2": 0.0262,
        "3": 0.0392,
        "4": 0.055,
        "5": 0.0628,
        "6": 0.0708,
        "7": 0.0818,
        "8": 0.082,
        "9": 0.096,
        "10": 0.0952,
        "11": 0.0862,
        "12": 0.08,
        "13": 0.0718,
        "14": 0.0602,
        "15": 0.054,
        "16": 0.0268
      },
      "p_champion": 0.012,
      "p_top3": 0.0774,
      "p_relegation": 0.141,
      "expected_points": 16.0264,
      "points_p10": 11.0,
      "points_p90": 21.0
    },
    {
      "team": "Mj\u00e4llby AIF",
      "position_probs": {
        "1": 0.0106,
        "2": 0.018,
        "3": 0.034,
        "4": 0.0474,
        "5": 0.0522,
        "6": 0.0602,
        "7": 0.0686,
        "8": 0.0826,
        "9": 0.076,
        "10": 0.0906,
        "11": 0.0852,
        "12": 0.09,
        "13": 0.0816,
        "14": 0.0782,
        "15": 0.0684,
        "16": 0.0564
      },
      "p_champion": 0.0106,
      "p_top3": 0.0626,
      "p_relegation": 0.203,
      "expected_points": 15.2186,
      "points_p10": 10.0,
      "points_p90": 21.0
    },
    {
      "team": "GAIS",
      "position_probs": {
        "1": 0.008,
        "2": 0.0142,
        "3": 0.0298,
        "4": 0.0386,
        "5": 0.0488,
        "6": 0.0608,
        "7": 0.0634,
        "8": 0.0692,
        "9": 0.0878,
        "10": 0.0874,
        "11": 0.0898,
        "12": 0.0846,
        "13": 0.092,
        "14": 0.0874,
        "15": 0.075,
        "16": 0.0632
      },
      "p_champion": 0.008,
      "p_top3": 0.052000000000000005,
      "p_relegation": 0.2256,
      "expected_points": 14.664,
      "points_p10": 10.0,
      "points_p90": 20.0
    },
    {
      "team": "BK H\u00e4cken",
      "position_probs": {
        "1": 0.0046,
        "2": 0.0126,
        "3": 0.022,
        "4": 0.0322,
        "5": 0.033,
        "6": 0.0402,
        "7": 0.05,
        "8": 0.0628,
        "9": 0.0688,
        "10": 0.0836,
        "11": 0.0862,
        "12": 0.0946,
        "13": 0.107,
        "14": 0.1022,
        "15": 0.0984,
        "16": 0.1018
      },
      "p_champion": 0.0046,
      "p_top3": 0.0392,
      "p_relegation": 0.3024,
      "expected_points": 13.5736,
      "points_p10": 8.0,
      "points_p90": 19.0
    },
    {
      "team": "IF Brommapojkarna",
      "position_probs": {
        "1": 0.0024,
        "2": 0.009,
        "3": 0.0146,
        "4": 0.0202,
        "5": 0.0248,
        "6": 0.0332,
        "7": 0.0436,
        "8": 0.0584,
        "9": 0.0616,
        "10": 0.0754,
        "11": 0.0868,
        "12": 0.1044,
        "13": 0.107,
        "14": 0.1156,
        "15": 0.1218,
        "16": 0.1212
      },
      "p_champion": 0.0024,
      "p_top3": 0.026,
      "p_relegation": 0.35860000000000003,
      "expected_points": 13.0768,
      "points_p10": 8.0,
      "points_p90": 18.0
    },
    {
      "team": "IFK G\u00f6teborg",
      "position_probs": {
        "1": 0.0018,