{
  "league": "SE1",
  "season": 2026,
  "simulations": 5000,
  "random_seed": 42,
  "rounds_completed": 4,
  "min_upcoming_round": 5,
  "max_upcoming_round": 15,
  "total_remaining_rounds": 11,
  "teams": [
    {
      "team": "Hammarby IF",
      "position_probs": {
        "1": 0.2326,
        "2": 0.1792,
        "3": 0.135,
        "4": 0.0998,
        "5": 0.0822,
        "6": 0.0614,
        "7": 0.0516,
        "8": 0.0408,
        "9": 0.0344,
        "10": 0.0264,
        "11": 0.0192,
        "12": 0.0166,
        "13": 0.0096,
        "14": 0.0064,
        "15": 0.0038,
        "16": 0.001
      },
      "p_champion": 0.2326,
      "p_top3": 0.5468,
      "p_relegation": 0.011200000000000002,
      "expected_points": 23.02,
      "points_p10": 17.0,
      "points_p90": 28.100000000000364
    },
    {
      "team": "IF Elfsborg",
      "position_probs": {
        "1": 0.196,
        "2": 0.1538,
        "3": 0.1256,
        "4": 0.109,
        "5": 0.0942,
        "6": 0.0748,
        "7": 0.0602,
        "8": 0.0528,
        "9": 0.038,
        "10": 0.0298,
        "11": 0.0216,
        "12": 0.0168,
        "13": 0.0122,
        "14": 0.0092,
        "15": 0.0042,
        "16": 0.0018
      },
      "p_champion": 0.196,
      "p_top3": 0.4754,
      "p_relegation": 0.015199999999999998,
      "expected_points": 22.7388,
      "points_p10": 17.0,
      "points_p90": 28.0
    },
    {
      "team": "Malm\u00f6 FF",
      "position_probs": {
        "1": 0.1646,
        "2": 0.1448,
        "3": 0.131,
        "4": 0.1162,
        "5": 0.0898,
        "6": 0.0764,
        "7": 0.068,
        "8": 0.0552,
        "9": 0.0444,
        "10": 0.0322,
        "11": 0.0256,
        "12": 0.0212,
        "13": 0.0142,
        "14": 0.0092,
        "15": 0.0044,
        "16": 0.0028
      },
      "p_champion": 0.1646,
      "p_top3": 0.4404,
      "p_relegation": 0.0164,
      "expected_points": 22.0454,
      "points_p10": 17.0,
      "points_p90": 28.0
    },
    {
      "team": "AIK",
      "position_probs": {
        "1": 0.1126,
        "2": 0.111,
        "3": 0.109,
        "4": 0.1062,
        "5": 0.1026,
        "6": 0.0904,
        "7": 0.076,
        "8": 0.0674,
        "9": 0.067,
        "10": 0.0458,
        "11": 0.0342,
        "12": 0.0302,
        "13": 0.0222,
        "14": 0.0152,
        "15": 0.0078,
        "16": 0.0024
      },
      "p_champion": 0.1126,
      "p_top3": 0.3326,
      "p_relegation": 0.0254,
      "expected_points": 21.4426,
      "points_p10": 16.0,
      "points_p90": 27.0
    },
    {
      "team": "Djurg\u00e5rdens IF",
      "position_probs": {
        "1": 0.1026,
        "2": 0.1112,
        "3": 0.1142,
        "4": 0.1016,
        "5": 0.1052,
        "6": 0.0894,
        "7": 0.0766,
        "8": 0.0638,
        "9": 0.0524,
        "10": 0.05,
        "11": 0.04,
        "12": 0.0346,
        "13": 0.023,
        "14": 0.017,
        "15": 0.0142,
        "16": 0.0042
      },
      "p_champion": 0.1026,
      "p_top3": 0.32799999999999996,
      "p_relegation": 0.0354,
      "expected_points": 20.7452,
      "points_p10": 15.0,
      "points_p90": 26.0
    },
    {
      "team": "\u00d6rgryte IS",
      "position_probs": {
        "1": 0.0506,
        "2": 0.07,
        "3": 0.0818,
        "4": 0.0814,
        "5": 0.097,
        "6": 0.0924,
        "7": 0.0874,
        "8": 0.0794,
        "9": 0.074,
        "10": 0.0682,
        "11": 0.0554,
        "12": 0.0504,
        "13": 0.0448,
        "14": 0.0348,
        "15": 0.0198,
        "16": 0.0126
      },
      "p_champion": 0.0506,
      "p_top3": 0.20240000000000002,
      "p_relegation": 0.0672,
      "expected_points": 19.3028,
      "points_p10": 14.0,
      "points_p90": 25.0
    },
    {
      "team": "IK Sirius",
      "position_probs": {
        "1": 0.0426,
        "2": 0.0644,
        "3": 0.0734,
        "4": 0.0788,
        "5": 0.0716,
        "6": 0.085,
        "7": 0.0832,
        "8": 0.0838,
        "9": 0.078,
        "10": 0.0792,
        "11": 0.065,
        "12": 0.057,
        "13": 0.05,
        "14": 0.0422,
        "15": 0.029,
        "16": 0.0168
      },
      "p_champion": 0.0426,
      "p_top3": 0.1804,
      "p_relegation": 0.088,
      "expected_points": 18.669,
      "points_p10": 13.0,
      "points_p90": 24.0
    },
    {
      "team": "Degerfors IF",
      "position_probs": {
        "1": 0.0264,
        "2": 0.036,
        "3": 0.05,
        "4": 0.0644,
        "5": 0.0694,
        "6": 0.0806,
        "7": 0.0778,
        "8": 0.0846,
        "9": 0.083,
        "10": 0.083,
        "11": 0.0798,
        "12": 0.0762,
        "13": 0.068,
        "14": 0.0538,
        "15": 0.0436,
        "16": 0.0234
      },
      "p_champion": 0.0264,
      "p_top3": 0.1124,
      "p_relegation": 0.1208,
      "expected_points": 17.94,
      "points_p10": 13.0,
      "points_p90": 23.0
    },
    {
      "team": "Mj\u00e4llby AIF",
      "position_probs": {
        "1": 0.0246,
        "2": 0.0362,
        "3": 0.0458,
        "4": 0.0572,
        "5": 0.0688,
        "6": 0.0686,
        "7": 0.0762,
        "8": 0.0808,
        "9": 0.0884,
        "10": 0.0804,
        "11": 0.0778,
        "12": 0.0768,
        "13": 0.0724,
        "14": 0.0634,
        "15": 0.049,
        "16": 0.0336
      },
      "p_champion": 0.0246,
      "p_top3": 0.1066,
      "p_relegation": 0.146,
      "expected_points": 17.5312,
      "points_p10": 12.0,
      "points_p90": 23.0
    },
    {
      "team": "V\u00e4ster\u00e5s SK",
      "position_probs": {
        "1": 0.0144,
        "2": 0.0276,
        "3": 0.0366,
        "4": 0.0422,
        "5": 0.0546,
        "6": 0.0662,
        "7": 0.068,
        "8": 0.0766,
        "9": 0.0808,
        "10": 0.0918,
        "11": 0.0886,
        "12": 0.086,
        "13": 0.086,
        "14": 0.0756,
        "15": 0.0652,
        "16": 0.0398
      },
      "p_champion": 0.0144,
      "p_top3": 0.0786,
      "p_relegation": 0.18059999999999998,
      "expected_points": 16.8064,
      "points_p10": 12.0,
      "points_p90": 22.0
    },
    {
      "team": "BK H\u00e4cken",
      "position_probs": {
        "1": 0.0114,
        "2": 0.0182,
        "3": 0.0242,
        "4": 0.0362,
        "5": 0.0364,
        "6": 0.043,
        "7": 0.0614,
        "8": 0.0688,
        "9": 0.0724,
        "10": 0.0838,
        "11": 0.0868,
        "12": 0.0872,
        "13": 0.0948,
        "14": 0.0928,
        "15": 0.0952,
        "16": 0.0874
      },
      "p_champion": 0.0114,
      "p_top3": 0.0538,
      "p_relegation": 0.2754,
      "expected_points": 15.2546,
      "points_p10": 10.0,
      "points_p90": 21.0
    },
    {
      "team": "GAIS",
      "position_probs": {
        "1": 0.0086,
        "2": 0.0206,
        "3": 0.0272,
        "4": 0.0392,
        "5": 0.0424,
        "6": 0.0568,
        "7": 0.0696,
        "8": 0.0684,
        "9": 0.076,
        "10": 0.0826,
        "11": 0.093,
        "12": 0.0912,
        "13": 0.0856,
        "14": 0.0894,
        "15": 0.078,
        "16": 0.0714
      },
      "p_champion": 0.0086,
      "p_top3": 0.0564,
      "p_relegation": 0.2388,
      "expected_points": 15.8592,
      "points_p10": 10.0,
      "points_p90": 21.0
    },
    {
      "team": "IF Brommapojkarna",
      "position_probs": {
        "1": 0.0062,
        "2": 0.0116,
        "3": 0.0192,
        "4": 0.0272,
        "5": 0.0288,
        "6": 0.043,
        "7": 0.0498,
        "8": 0.0574,
        "9": 0.0648,
        "10": 0.0784,
        "11": 0.0886,
        "12": 0.0958,
        "13": 0.0952,
        "14": 0.1052,
        "15": 0.1176,
        "16": 0.1112
      },
      "p_champion": 0.0062,
      "p_top3": 0.037,
      "p_relegation": 0.33399999999999996,
      "expected_points": 14.7254,
      "points_p10": 9.0,
      "points_p90": 20.0
    },
    {
      "team": "IFK G\u00f6teborg",
      "position_probs": {
        "1": 0.0036,
        "2": 0.009,