{
  "league": "SE1",
  "season": 2026,
  "simulations": 5000,
  "random_seed": 42,
  "rounds_completed": 3,
  "min_upcoming_round": 4,
  "max_upcoming_round": 15,
  "total_remaining_rounds": 12,
  "teams": [
    {
      "team": "Malm\u00f6 FF",
      "position_probs": {
        "1": 0.2512,
        "2": 0.174,
        "3": 0.1252,
        "4": 0.1018,
        "5": 0.071,
        "6": 0.0698,
        "7": 0.0498,
        "8": 0.0406,
        "9": 0.0362,
        "10": 0.0274,
        "11": 0.019,
        "12": 0.0144,
        "13": 0.0082,
        "14": 0.0052,
        "15": 0.0046,
        "16": 0.0016
      },
      "p_champion": 0.2512,
      "p_top3": 0.5504,
      "p_relegation": 0.0114,
      "expected_points": 24.0024,
      "points_p10": 18.0,
      "points_p90": 30.0
    },
    {
      "team": "Hammarby IF",
      "position_probs": {
        "1": 0.2208,
        "2": 0.1794,
        "3": 0.1322,
        "4": 0.1094,
        "5": 0.0828,
        "6": 0.0614,
        "7": 0.0474,
        "8": 0.0448,
        "9": 0.0344,
        "10": 0.0304,
        "11": 0.0208,
        "12": 0.0148,
        "13": 0.0078,
        "14": 0.0074,
        "15": 0.0046,
        "16": 0.0016
      },
      "p_champion": 0.2208,
      "p_top3": 0.5324,
      "p_relegation": 0.013600000000000001,
      "expected_points": 23.7268,
      "points_p10": 18.0,
      "points_p90": 29.0
    },
    {
      "team": "Djurg\u00e5rdens IF",
      "position_probs": {
        "1": 0.1372,
        "2": 0.1306,
        "3": 0.12,
        "4": 0.1046,
        "5": 0.091,
        "6": 0.0798,
        "7": 0.0708,
        "8": 0.0602,
        "9": 0.05,
        "10": 0.04,
        "11": 0.037,
        "12": 0.03,
        "13": 0.0202,
        "14": 0.0146,
        "15": 0.0088,
        "16": 0.0052
      },
      "p_champion": 0.1372,
      "p_top3": 0.3878,
      "p_relegation": 0.0286,
      "expected_points": 22.1148,
      "points_p10": 16.0,
      "points_p90": 28.0
    },
    {
      "team": "IF Elfsborg",
      "position_probs": {
        "1": 0.0852,
        "2": 0.0892,
        "3": 0.0978,
        "4": 0.0948,
        "5": 0.098,
        "6": 0.088,
        "7": 0.0776,
        "8": 0.073,
        "9": 0.0624,
        "10": 0.0552,
        "11": 0.051,
        "12": 0.0442,
        "13": 0.0306,
        "14": 0.0272,
        "15": 0.0172,
        "16": 0.0086
      },
      "p_champion": 0.0852,
      "p_top3": 0.2722,
      "p_relegation": 0.05299999999999999,
      "expected_points": 20.8908,
      "points_p10": 15.0,
      "points_p90": 27.0
    },
    {
      "team": "\u00d6rgryte IS",
      "position_probs": {
        "1": 0.08,
        "2": 0.0946,
        "3": 0.1026,
        "4": 0.0968,
        "5": 0.094,
        "6": 0.0842,
        "7": 0.0866,
        "8": 0.0746,
        "9": 0.062,
        "10": 0.0548,
        "11": 0.0522,
        "12": 0.0422,
        "13": 0.0274,
        "14": 0.0258,
        "15": 0.0154,
        "16": 0.0068
      },
      "p_champion": 0.08,
      "p_top3": 0.2772,
      "p_relegation": 0.048,
      "expected_points": 21.0376,
      "points_p10": 15.0,
      "points_p90": 27.0
    },
    {
      "team": "AIK",
      "position_probs": {
        "1": 0.051,
        "2": 0.0668,
        "3": 0.074,
        "4": 0.0886,
        "5": 0.0866,
        "6": 0.0744,
        "7": 0.0866,
        "8": 0.0806,
        "9": 0.066,
        "10": 0.0694,
        "11": 0.0634,
        "12": 0.0582,
        "13": 0.0508,
        "14": 0.0398,
        "15": 0.029,
        "16": 0.0148
      },
      "p_champion": 0.051,
      "p_top3": 0.19179999999999997,
      "p_relegation": 0.08360000000000001,
      "expected_points": 19.8124,
      "points_p10": 14.0,
      "points_p90": 26.0
    },
    {
      "team": "IK Sirius",
      "position_probs": {
        "1": 0.0498,
        "2": 0.0696,
        "3": 0.076,
        "4": 0.0778,
        "5": 0.0846,
        "6": 0.0834,
        "7": 0.0734,
        "8": 0.0842,
        "9": 0.0774,
        "10": 0.0728,
        "11": 0.0614,
        "12": 0.0538,
        "13": 0.0478,
        "14": 0.038,
        "15": 0.0344,
        "16": 0.0156
      },
      "p_champion": 0.0498,
      "p_top3": 0.1954,
      "p_relegation": 0.088,
      "expected_points": 19.6128,
      "points_p10": 14.0,
      "points_p90": 25.0
    },
    {
      "team": "Mj\u00e4llby AIF",
      "position_probs": {
        "1": 0.036,
        "2": 0.054,
        "3": 0.0616,
        "4": 0.0624,
        "5": 0.0748,
        "6": 0.0788,
        "7": 0.0792,
        "8": 0.0784,
        "9": 0.078,
        "10": 0.0708,
        "11": 0.077,
        "12": 0.0696,
        "13": 0.058,
        "14": 0.051,
        "15": 0.0436,
        "16": 0.0268
      },
      "p_champion": 0.036,
      "p_top3": 0.1516,
      "p_relegation": 0.1214,
      "expected_points": 18.9782,
      "points_p10": 13.0,
      "points_p90": 25.0
    },
    {
      "team": "V\u00e4ster\u00e5s SK",
      "position_probs": {
        "1": 0.0238,
        "2": 0.0312,
        "3": 0.0484,
        "4": 0.0576,
        "5": 0.0662,
        "6": 0.0772,
        "7": 0.0816,
        "8": 0.0746,
        "9": 0.0766,
        "10": 0.0832,
        "11": 0.0868,
        "12": 0.079,
        "13": 0.071,
        "14": 0.0626,
        "15": 0.0516,
        "16": 0.0286
      },
      "p_champion": 0.0238,
      "p_top3": 0.10339999999999999,
      "p_relegation": 0.14279999999999998,
      "expected_points": 18.2822,
      "points_p10": 13.0,
      "points_p90": 24.0
    },
    {
      "team": "GAIS",
      "position_probs": {
        "1": 0.0176,
        "2": 0.0296,
        "3": 0.0428,
        "4": 0.0508,
        "5": 0.0578,
        "6": 0.0622,
        "7": 0.0678,
        "8": 0.0764,
        "9": 0.0758,
        "10": 0.0836,
        "11": 0.0896,
        "12": 0.0738,
        "13": 0.087,
        "14": 0.077,
        "15": 0.0648,
        "16": 0.0434
      },
      "p_champion": 0.0176,
      "p_top3": 0.09,
      "p_relegation": 0.18519999999999998,
      "expected_points": 17.4502,
      "points_p10": 12.0,
      "points_p90": 23.0
    },
    {
      "team": "BK H\u00e4cken",
      "position_probs": {
        "1": 0.0146,
        "2": 0.0244,
        "3": 0.0328,
        "4": 0.0378,
        "5": 0.0458,
        "6": 0.0536,
        "7": 0.0654,
        "8": 0.064,
        "9": 0.0794,
        "10": 0.0768,
        "11": 0.081,
        "12": 0.0888,
        "13": 0.09,
        "14": 0.0904,
        "15": 0.0842,
        "16": 0.071
      },
      "p_champion": 0.0146,
      "p_top3": 0.0718,
      "p_relegation": 0.24559999999999998,
      "expected_points": 16.4486,
      "points_p10": 11.0,
      "points_p90": 22.0
    },
    {
      "team": "Degerfors IF",
      "position_probs": {
        "1": 0.011,
        "2": 0.018,
        "3": 0.0276,
        "4": 0.0318,
        "5": 0.0438,
        "6": 0.053,
        "7": 0.0546,
        "8": 0.0642,
        "9": 0.073,
        "10": 0.0848,
        "11": 0.0858,
        "12": 0.092,
        "13": 0.1024,
        "14": 0.098,
        "15": 0.1002,
        "16": 0.0598
      },
      "p_champion": 0.011,
      "p_top3": 0.0566,
      "p_relegation": 0.258,
      "expected_points": 16.3274,
      "points_p10": 11.0,
      "points_p90": 22.0
    },
    {
      "team": "IF Brommapojkarna",
      "position_probs": {
        "1": 0.0086,
        "2": 0.0156,
        "3": 0.0224,
        "4": 0.0346,
        "5": 0.0396,
        "6": 0.0458,
        "7": 0.0568,
        "8": 0.0616,
        "9": 0.0736,
        "10": 0.0758,
        "11": 0.0814,
        "12": 0.0922,
        "13": 0.0968,
        "14": 0.1052,
        "15": 0.1048,
        "16": 0.0852
      },
      "p_champion": 0.0086,
      "p_top3": 0.0466,
      "p_relegation": 0.2952,
      "expected_points": 15.9546,
      "points_p10": 10.0,
      "points_p90": 22.0
    },
    {
      "team": "IFK G\u00f6teborg",
      "position_probs": {
        "1": 0.0074,