{
  "league": "SE1",
  "season": 2026,
  "simulations": 5000,
  "random_seed": 42,
  "rounds_completed": 7,
  "min_upcoming_round": 8,
  "max_upcoming_round": 15,
  "total_remaining_rounds": 8,
  "teams": [
    {
      "team": "Djurg\u00e5rdens IF",
      "position_probs": {
        "1": 0.3792,
        "2": 0.2828,
        "3": 0.148,
        "4": 0.087,
        "5": 0.0452,
        "6": 0.0246,
        "7": 0.0146,
        "8": 0.0082,
        "9": 0.0042,
        "10": 0.0042,
        "11": 0.0018,
        "12": 0.0002,
        "13": 0.0,
        "14": 0.0,
        "15": 0.0,
        "16": 0.0
      },
      "p_champion": 0.3792,
      "p_top3": 0.8099999999999999,
      "p_relegation": 0.0,
      "expected_points": 24.946,
      "points_p10": 20.0,
      "points_p90": 29.0
    },
    {
      "team": "Hammarby IF",
      "position_probs": {
        "1": 0.3614,
        "2": 0.2698,
        "3": 0.1524,
        "4": 0.0902,
        "5": 0.0514,
        "6": 0.032,
        "7": 0.018,
        "8": 0.0106,
        "9": 0.008,
        "10": 0.0034,
        "11": 0.0014,
        "12": 0.001,
        "13": 0.0004,
        "14": 0.0,
        "15": 0.0,
        "16": 0.0
      },
      "p_champion": 0.3614,
      "p_top3": 0.7836,
      "p_relegation": 0.0,
      "expected_points": 25.1164,
      "points_p10": 21.0,
      "points_p90": 30.0
    },
    {
      "team": "IK Sirius",
      "position_probs": {
        "1": 0.1312,
        "2": 0.1638,
        "3": 0.1966,
        "4": 0.1526,
        "5": 0.112,
        "6": 0.0788,
        "7": 0.0568,
        "8": 0.0422,
        "9": 0.0284,
        "10": 0.0158,
        "11": 0.0128,
        "12": 0.0048,
        "13": 0.0024,
        "14": 0.0018,
        "15": 0.0,
        "16": 0.0
      },
      "p_champion": 0.1312,
      "p_top3": 0.49160000000000004,
      "p_relegation": 0.0018,
      "expected_points": 22.218,
      "points_p10": 17.0,
      "points_p90": 27.0
    },
    {
      "team": "IF Elfsborg",
      "position_probs": {
        "1": 0.0542,
        "2": 0.0922,
        "3": 0.1398,
        "4": 0.1504,
        "5": 0.1332,
        "6": 0.1194,
        "7": 0.092,
        "8": 0.0726,
        "9": 0.0562,
        "10": 0.0376,
        "11": 0.0284,
        "12": 0.0144,
        "13": 0.0058,
        "14": 0.0032,
        "15": 0.0006,
        "16": 0.0
      },
      "p_champion": 0.0542,
      "p_top3": 0.2862,
      "p_relegation": 0.0038,
      "expected_points": 20.591,
      "points_p10": 16.0,
      "points_p90": 25.0
    },
    {
      "team": "Malm\u00f6 FF",
      "position_probs": {
        "1": 0.0228,
        "2": 0.0534,
        "3": 0.0968,
        "4": 0.1314,
        "5": 0.1372,
        "6": 0.133,
        "7": 0.1078,
        "8": 0.0864,
        "9": 0.0742,
        "10": 0.0508,
        "11": 0.0376,
        "12": 0.0296,
        "13": 0.0206,
        "14": 0.0122,
        "15": 0.0048,
        "16": 0.0014
      },
      "p_champion": 0.0228,
      "p_top3": 0.173,
      "p_relegation": 0.0184,
      "expected_points": 19.2406,
      "points_p10": 15.0,
      "points_p90": 24.0
    },
    {
      "team": "Mj\u00e4llby AIF",
      "position_probs": {
        "1": 0.0228,
        "2": 0.061,
        "3": 0.101,
        "4": 0.1226,
        "5": 0.1306,
        "6": 0.1232,
        "7": 0.1104,
        "8": 0.0954,
        "9": 0.0772,
        "10": 0.055,
        "11": 0.0378,
        "12": 0.029,
        "13": 0.0166,
        "14": 0.0114,
        "15": 0.005,
        "16": 0.001
      },
      "p_champion": 0.0228,
      "p_top3": 0.18480000000000002,
      "p_relegation": 0.017400000000000002,
      "expected_points": 19.2222,
      "points_p10": 15.0,
      "points_p90": 24.0
    },
    {
      "team": "GAIS",
      "position_probs": {
        "1": 0.012,
        "2": 0.025,
        "3": 0.0528,
        "4": 0.0854,
        "5": 0.1062,
        "6": 0.107,
        "7": 0.1144,
        "8": 0.1108,
        "9": 0.1016,
        "10": 0.085,
        "11": 0.0614,
        "12": 0.0556,
        "13": 0.0422,
        "14": 0.0256,
        "15": 0.012,
        "16": 0.003
      },
      "p_champion": 0.012,
      "p_top3": 0.0898,
      "p_relegation": 0.040600000000000004,
      "expected_points": 17.4478,
      "points_p10": 13.0,
      "points_p90": 22.0
    },
    {
      "team": "AIK",
      "position_probs": {
        "1": 0.0092,
        "2": 0.0202,
        "3": 0.0406,
        "4": 0.0588,
        "5": 0.0822,
        "6": 0.1048,
        "7": 0.1084,
        "8": 0.1106,
        "9": 0.1058,
        "10": 0.0958,
        "11": 0.0896,
        "12": 0.068,
        "13": 0.0544,
        "14": 0.0316,
        "15": 0.015,
        "16": 0.005
      },
      "p_champion": 0.0092,
      "p_top3": 0.06999999999999999,
      "p_relegation": 0.0516,
      "expected_points": 17.399,
      "points_p10": 13.0,
      "points_p90": 22.0
    },
    {
      "team": "Degerfors IF",
      "position_probs": {
        "1": 0.004,
        "2": 0.0168,
        "3": 0.0316,
        "4": 0.0458,
        "5": 0.0706,
        "6": 0.083,
        "7": 0.1008,
        "8": 0.1048,
        "9": 0.1136,
        "10": 0.1082,
        "11": 0.0986,
        "12": 0.0828,
        "13": 0.0604,
        "14": 0.048,
        "15": 0.0232,
        "16": 0.0078
      },
      "p_champion": 0.004,
      "p_top3": 0.0524,
      "p_relegation": 0.079,
      "expected_points": 16.4778,
      "points_p10": 12.0,
      "points_p90": 21.0
    },
    {
      "team": "BK H\u00e4cken",
      "position_probs": {
        "1": 0.0014,
        "2": 0.0062,
        "3": 0.0156,
        "4": 0.0248,
        "5": 0.036,
        "6": 0.0484,
        "7": 0.0714,
        "8": 0.0848,
        "9": 0.092,
        "10": 0.1108,
        "11": 0.1184,
        "12": 0.1064,
        "13": 0.1102,
        "14": 0.0866,
        "15": 0.0614,
        "16": 0.0256
      },
      "p_champion": 0.0014,
      "p_top3": 0.0232,
      "p_relegation": 0.1736,
      "expected_points": 14.389,
      "points_p10": 10.0,
      "points_p90": 19.0
    },
    {
      "team": "V\u00e4ster\u00e5s SK",
      "position_probs": {
        "1": 0.0006,
        "2": 0.0016,
        "3": 0.0064,
        "4": 0.013,
        "5": 0.0264,
        "6": 0.0354,
        "7": 0.054,
        "8": 0.061,
        "9": 0.0748,
        "10": 0.101,
        "11": 0.117,
        "12": 0.1204,
        "13": 0.1314,
        "14": 0.1192,
        "15": 0.0866,
        "16": 0.0512
      },
      "p_champion": 0.0006,
      "p_top3": 0.0086,
      "p_relegation": 0.257,
      "expected_points": 13.7364,
      "points_p10": 9.0,
      "points_p90": 18.0
    },
    {
      "team": "\u00d6rgryte IS",
      "position_probs": {
        "1": 0.0004,
        "2": 0.0038,
        "3": 0.0066,
        "4": 0.014,
        "5": 0.025,
        "6": 0.036,
        "7": 0.0492,
        "8": 0.071,
        "9": 0.0878,
        "10": 0.098,
        "11": 0.113,
        "12": 0.1174,
        "13": 0.1226,
        "14": 0.1138,
        "15": 0.0888,
        "16": 0.0526
      },
      "p_champion": 0.0004,
      "p_top3": 0.0108,
      "p_relegation": 0.2552,
      "expected_points": 13.8706,
      "points_p10": 9.0,
      "points_p90": 18.0
    },
    {
      "team": "IF Brommapojkarna",
      "position_probs": {
        "1": 0.0004,
        "2": 0.0022,
        "3": 0.006,
        "4": 0.0132,
        "5": 0.0236,
        "6": 0.0388,
        "7": 0.051,
        "8": 0.0624,
        "9": 0.0748,
        "10": 0.098,
        "11": 0.1116,
        "12": 0.1178,
        "13": 0.124,
        "14": 0.1272,
        "15": 0.096,
        "16": 0.053
      },
      "p_champion": 0.0004,
      "p_top3": 0.0086,
      "p_relegation": 0.2762,
      "expected_points": 13.352,
      "points_p10": 9.0,
      "points_p90": 18.0
    },
    {
      "team": "Kalmar FF",
      "position_probs": {
        "1": 0.0004,
        "2": 0.0012,
        "3": 0.005,
        "4": 0.0096,
        "5": 0.0176,